run,CSD_ccdc_count,CSD_ccdc_rate,CSD_rdkit_count,CSD_rdkit_rate,CSD_obabel_count,CSD_obabel_rate,Explicit_ccdc_count,Explicit_ccdc_rate,Explicit_rdkit_count,Explicit_rdkit_rate,Explicit_obabel_count,Explicit_obabel_rate
run_1,28,0.875,17,0.53125,25,0.78125,29,0.90625,14,0.4375,21,0.65625
run_2,31,0.96875,17,0.53125,25,0.78125,23,0.71875,14,0.4375,21,0.65625
run_3,28,0.875,17,0.53125,25,0.78125,24,0.75,14,0.4375,21,0.65625
run_4,28,0.875,17,0.53125,25,0.78125,27,0.84375,14,0.4375,21,0.65625
run_5,28,0.875,17,0.53125,25,0.78125,27,0.84375,14,0.4375,21,0.65625
run_6,27,0.84375,17,0.53125,25,0.78125,27,0.84375,14,0.4375,21,0.65625
run_7,29,0.90625,17,0.53125,25,0.78125,26,0.8125,14,0.4375,21,0.65625
run_8,26,0.8125,17,0.53125,25,0.78125,24,0.75,14,0.4375,21,0.65625
run_9,30,0.9375,17,0.53125,25,0.78125,24,0.75,14,0.4375,21,0.65625
run_10,28,0.875,17,0.53125,25,0.78125,27,0.84375,14,0.4375,21,0.65625
run_11,30,0.9375,17,0.53125,25,0.78125,22,0.6875,14,0.4375,21,0.65625
run_12,26,0.8125,17,0.53125,25,0.78125,23,0.71875,14,0.4375,21,0.65625
run_13,25,0.78125,17,0.53125,25,0.78125,26,0.8125,14,0.4375,21,0.65625
run_14,29,0.90625,17,0.53125,25,0.78125,27,0.84375,14,0.4375,21,0.65625
run_15,28,0.875,17,0.53125,25,0.78125,27,0.84375,14,0.4375,21,0.65625
run_16,29,0.90625,17,0.53125,25,0.78125,25,0.78125,14,0.4375,21,0.65625
run_17,28,0.875,17,0.53125,25,0.78125,26,0.8125,14,0.4375,21,0.65625
run_18,27,0.84375,17,0.53125,25,0.78125,24,0.75,14,0.4375,21,0.65625
run_19,29,0.90625,17,0.53125,25,0.78125,23,0.71875,14,0.4375,21,0.65625
run_20,24,0.75,17,0.53125,25,0.78125,24,0.75,14,0.4375,21,0.65625
run_21,26,0.8125,17,0.53125,25,0.78125,27,0.84375,14,0.4375,21,0.65625
run_22,28,0.875,17,0.53125,25,0.78125,26,0.8125,14,0.4375,21,0.65625
run_23,25,0.78125,17,0.53125,25,0.78125,25,0.78125,14,0.4375,21,0.65625
run_24,29,0.90625,17,0.53125,25,0.78125,27,0.84375,14,0.4375,21,0.65625
run_25,28,0.875,17,0.53125,25,0.78125,25,0.78125,14,0.4375,21,0.65625
run_26,29,0.90625,17,0.53125,25,0.78125,27,0.84375,14,0.4375,21,0.65625
run_27,28,0.875,17,0.53125,25,0.78125,23,0.71875,14,0.4375,21,0.65625
run_28,28,0.875,17,0.53125,25,0.78125,28,0.875,14,0.4375,21,0.65625
run_29,27,0.84375,17,0.53125,25,0.78125,27,0.84375,14,0.4375,21,0.65625
run_30,27,0.84375,17,0.53125,25,0.78125,23,0.71875,14,0.4375,21,0.65625
run_31,25,0.78125,17,0.53125,25,0.78125,26,0.8125,14,0.4375,21,0.65625
run_32,25,0.78125,17,0.53125,25,0.78125,25,0.78125,14,0.4375,21,0.65625
run_33,27,0.84375,17,0.53125,25,0.78125,24,0.75,14,0.4375,21,0.65625
run_34,28,0.875,17,0.53125,25,0.78125,25,0.78125,14,0.4375,21,0.65625
run_35,26,0.8125,17,0.53125,25,0.78125,27,0.84375,14,0.4375,21,0.65625
run_36,27,0.84375,17,0.53125,25,0.78125,25,0.78125,14,0.4375,21,0.65625
run_37,29,0.90625,17,0.53125,25,0.78125,25,0.78125,14,0.4375,21,0.65625
run_38,29,0.90625,17,0.53125,25,0.78125,25,0.78125,14,0.4375,21,0.65625
run_39,29,0.90625,17,0.53125,25,0.78125,25,0.78125,14,0.4375,21,0.65625
run_40,29,0.90625,17,0.53125,25,0.78125,26,0.8125,14,0.4375,21,0.65625
run_41,26,0.8125,17,0.53125,25,0.78125,26,0.8125,14,0.4375,21,0.65625
run_42,30,0.9375,17,0.53125,25,0.78125,26,0.8125,14,0.4375,21,0.65625
run_43,30,0.9375,17,0.53125,25,0.78125,26,0.8125,14,0.4375,21,0.65625
run_44,30,0.9375,17,0.53125,25,0.78125,23,0.71875,14,0.4375,21,0.65625
run_45,27,0.84375,17,0.53125,25,0.78125,26,0.8125,14,0.4375,21,0.65625
run_46,30,0.9375,17,0.53125,25,0.78125,26,0.8125,14,0.4375,21,0.65625
run_47,30,0.9375,17,0.53125,25,0.78125,24,0.75,14,0.4375,21,0.65625
run_48,29,0.90625,17,0.53125,25,0.78125,24,0.75,14,0.4375,21,0.65625
run_49,29,0.90625,17,0.53125,25,0.78125,22,0.6875,14,0.4375,21,0.65625
run_50,30,0.9375,17,0.53125,25,0.78125,24,0.75,14,0.4375,21,0.65625
run_51,26,0.8125,17,0.53125,25,0.78125,23,0.71875,14,0.4375,21,0.65625
run_52,30,0.9375,17,0.53125,25,0.78125,27,0.84375,14,0.4375,21,0.65625
run_53,27,0.84375,17,0.53125,25,0.78125,25,0.78125,14,0.4375,21,0.65625
run_54,24,0.75,17,0.53125,25,0.78125,24,0.75,14,0.4375,21,0.65625
run_55,29,0.90625,17,0.53125,25,0.78125,24,0.75,14,0.4375,21,0.65625
run_56,28,0.875,17,0.53125,25,0.78125,24,0.75,14,0.4375,21,0.65625
run_57,29,0.90625,17,0.53125,25,0.78125,24,0.75,14,0.4375,21,0.65625
run_58,27,0.84375,17,0.53125,25,0.78125,26,0.8125,14,0.4375,21,0.65625
run_59,28,0.875,17,0.53125,25,0.78125,28,0.875,14,0.4375,21,0.65625
run_60,27,0.84375,17,0.53125,25,0.78125,26,0.8125,14,0.4375,21,0.65625
run_61,29,0.90625,17,0.53125,25,0.78125,26,0.8125,14,0.4375,21,0.65625
run_62,30,0.9375,17,0.53125,25,0.78125,27,0.84375,14,0.4375,21,0.65625
run_63,30,0.9375,17,0.53125,25,0.78125,27,0.84375,14,0.4375,21,0.65625
run_64,27,0.84375,17,0.53125,25,0.78125,27,0.84375,14,0.4375,21,0.65625
run_65,29,0.90625,17,0.53125,25,0.78125,25,0.78125,14,0.4375,21,0.65625
run_66,29,0.90625,17,0.53125,25,0.78125,26,0.8125,14,0.4375,21,0.65625
run_67,27,0.84375,17,0.53125,25,0.78125,24,0.75,14,0.4375,21,0.65625
run_68,27,0.84375,17,0.53125,25,0.78125,25,0.78125,14,0.4375,21,0.65625
run_69,28,0.875,17,0.53125,25,0.78125,28,0.875,14,0.4375,21,0.65625
run_70,29,0.90625,17,0.53125,25,0.78125,27,0.84375,14,0.4375,21,0.65625
run_71,28,0.875,17,0.53125,25,0.78125,26,0.8125,14,0.4375,21,0.65625
run_72,29,0.90625,17,0.53125,25,0.78125,25,0.78125,14,0.4375,21,0.65625
run_73,28,0.875,17,0.53125,25,0.78125,23,0.71875,14,0.4375,21,0.65625
run_74,28,0.875,17,0.53125,25,0.78125,26,0.8125,14,0.4375,21,0.65625
run_75,30,0.9375,17,0.53125,25,0.78125,26,0.8125,14,0.4375,21,0.65625
run_76,29,0.90625,17,0.53125,25,0.78125,25,0.78125,14,0.4375,21,0.65625
run_77,26,0.8125,17,0.53125,25,0.78125,25,0.78125,14,0.4375,21,0.65625
run_78,26,0.8125,17,0.53125,25,0.78125,24,0.75,14,0.4375,21,0.65625
run_79,28,0.875,17,0.53125,25,0.78125,28,0.875,14,0.4375,21,0.65625
run_80,28,0.875,17,0.53125,25,0.78125,25,0.78125,14,0.4375,21,0.65625
run_81,30,0.9375,17,0.53125,25,0.78125,28,0.875,14,0.4375,21,0.65625
run_82,31,0.96875,17,0.53125,25,0.78125,26,0.8125,14,0.4375,21,0.65625
run_83,30,0.9375,17,0.53125,25,0.78125,29,0.90625,14,0.4375,21,0.65625
run_84,31,0.96875,17,0.53125,25,0.78125,24,0.75,14,0.4375,21,0.65625
run_85,26,0.8125,17,0.53125,25,0.78125,28,0.875,14,0.4375,21,0.65625
run_86,28,0.875,17,0.53125,25,0.78125,26,0.8125,14,0.4375,21,0.65625
run_87,27,0.84375,17,0.53125,25,0.78125,22,0.6875,14,0.4375,21,0.65625
run_88,29,0.90625,17,0.53125,25,0.78125,26,0.8125,14,0.4375,21,0.65625
run_89,29,0.90625,17,0.53125,25,0.78125,26,0.8125,14,0.4375,21,0.65625
run_90,28,0.875,17,0.53125,25,0.78125,26,0.8125,14,0.4375,21,0.65625
run_91,27,0.84375,17,0.53125,25,0.78125,25,0.78125,14,0.4375,21,0.65625
run_92,27,0.84375,17,0.53125,25,0.78125,25,0.78125,14,0.4375,21,0.65625
run_93,30,0.9375,17,0.53125,25,0.78125,23,0.71875,14,0.4375,21,0.65625
run_94,29,0.90625,17,0.53125,25,0.78125,27,0.84375,14,0.4375,21,0.65625
run_95,29,0.90625,17,0.53125,25,0.78125,30,0.9375,14,0.4375,21,0.65625
run_96,27,0.84375,17,0.53125,25,0.78125,26,0.8125,14,0.4375,21,0.65625
run_97,26,0.8125,17,0.53125,25,0.78125,27,0.84375,14,0.4375,21,0.65625
run_98,31,0.96875,17,0.53125,25,0.78125,24,0.75,14,0.4375,21,0.65625
run_99,30,0.9375,17,0.53125,25,0.78125,27,0.84375,14,0.4375,21,0.65625
run_100,29,0.90625,17,0.53125,25,0.78125,27,0.84375,14,0.4375,21,0.65625
